{
  "hash": "21afa07c",
  "configHash": "27577870",
  "lockfileHash": "2be88c7c",
  "browserHash": "2595b047",
  "optimized": {
    "@angular/common/http": {
      "src": "../../../../../../node_modules/@angular/common/fesm2022/http.mjs",
      "file": "@angular_common_http.js",
      "fileHash": "9ebcab9a",
      "needsInterop": false
    },
    "@angular/core": {
      "src": "../../../../../../node_modules/@angular/core/fesm2022/core.mjs",
      "file": "@angular_core.js",
      "fileHash": "89173eec",
      "needsInterop": false
    },
    "@angular/platform-browser": {
      "src": "../../../../../../node_modules/@angular/platform-browser/fesm2022/platform-browser.mjs",
      "file": "@angular_platform-browser.js",
      "fileHash": "3623f6e5",
      "needsInterop": false
    },
    "@angular/router": {
      "src": "../../../../../../node_modules/@angular/router/fesm2022/router.mjs",
      "file": "@angular_router.js",
      "fileHash": "d45850ee",
      "needsInterop": false
    },
    "@angular/common": {
      "src": "../../../../../../node_modules/@angular/common/fesm2022/common.mjs",
      "file": "@angular_common.js",
      "fileHash": "be09ca8b",
      "needsInterop": false
    }
  },
  "chunks": {
    "chunk-CS2GMKBX": {
      "file": "chunk-CS2GMKBX.js"
    },
    "chunk-C62PSWBJ": {
      "file": "chunk-C62PSWBJ.js"
    },
    "chunk-B235GXZU": {
      "file": "chunk-B235GXZU.js"
    },
    "chunk-YJFJI4Y6": {
      "file": "chunk-YJFJI4Y6.js"
    }
  }
}